title,price,img,dispatch,sku
"
Hills Prescription Diet AD Dog & Cat Food »
Liver & Chicken Wet » 24 x 156g Cans
",£40.90,http://static1.viovet.co.uk/pi/created_1350058007.png,"
 Estimated dispatch within 24 working hours.
",110368
"
Hills Prescription Diet B/D Dog Food »
Dry » 12kg Bag
",£57.31,http:,"
 Estimated dispatch within 2 working days.
",125873
"
Hills Prescription Diet C/D Dog Food »
Dry » 2kg Bag
",£13.33,http:,"
 Estimated dispatch within 24 working hours.
",110256
"
Hills Prescription Diet C/D Dog Food »
Dry » 5kg Bag
",£30.55,http:,"
 Estimated dispatch within 2 working days.
",110257
"
Hills Prescription Diet C/D Dog Food »
Dry » 12kg Bag
",£55.31,http:,"
 Estimated dispatch within 24 working hours.
",117721
"
Hills Prescription Diet C/D Dog Food »
Wet » 12 x 370g Cans
",£23.49,http:,"
 Estimated dispatch within 24 working hours.
",110259
"
Hills Prescription Diet D/D Dog Food »
Duck & Rice Dry » 5kg Bag
",£32.51,http:,"
 Estimated dispatch within 24 working hours.
",110313
"
Hills Prescription Diet D/D Dog Food »
Duck & Rice Dry » 12kg Bag
",£59.47,http:,"
 Estimated dispatch within 24 working hours.
",117689
"
Hills Prescription Diet D/D Dog Food »
Duck Wet » 12 x 370g Cans
",£23.09,http:,"",110319
"
Hills Prescription Diet D/D Dog Food »
Lamb & Rice Wet » 12 x 370g Cans
",£23.31,http:,"
 Estimated dispatch within 24 working hours.
",110320
"
Hills Prescription Diet D/D Dog Food »
Salmon & Rice Dry » 2kg Bag
",£15.04,http:,"
 Estimated dispatch within 24 working hours.
",110309
"
Hills Prescription Diet D/D Dog Food »
Salmon & Rice Dry » 5kg Bag
",£31.78,http:,"
 Estimated dispatch within 2 working days.
",110312
"
Hills Prescription Diet D/D Dog Food »
Salmon & Rice Dry » 12kg Bag
",£59.62,http:,"
 Estimated dispatch within 24 working hours.
",117753
"
Hills Prescription Diet D/D Dog Food »
Salmon Wet » 12 x 370g Cans
",£22.99,http:,"
 Estimated dispatch within 24 working hours.
",112180
"
Hills Prescription Diet D/D Dog Food »
Venison Wet » 12 x 370g Cans
",£22.85,http:,"
 Estimated dispatch within 24 working hours.
",110317
"
Hills Prescription Diet H/D Dog Food »
Dry » 5kg Bag
",£36.38,http:,"
 Estimated dispatch within 24 working hours.
",110321
"
Hills Prescription Diet H/D Dog Food »
Wet » 12 x 370g Cans
",£25.66,http:,"
 Estimated dispatch within 24 working hours.
",110322
"
Hills Prescription Diet I/D Dog Food »
Dry » 2kg Bag
",£14.65,http:,"
 Estimated dispatch within 24 working hours.
",110324
"
Hills Prescription Diet I/D Dog Food »
Dry » 5kg Bag
",£30.61,http:,"
 Estimated dispatch within 24 working hours.
",110325
"
Hills Prescription Diet I/D Dog Food »
Dry » 12kg Bag
",£49.86,http:,"
 Estimated dispatch within 24 working hours.
",117688
"
Hills Prescription Diet I/D Dog Food »
Low Fat Dry » 1.5kg Bag
",£11.13,http:,"
 Estimated dispatch within 24 working hours.
",140544
"
Hills Prescription Diet I/D Dog Food »
Low Fat Dry » 6kg Bag
",£34.24,http:,"
 Estimated dispatch within 24 working hours.
",140546
"
Hills Prescription Diet I/D Dog Food »
Low Fat Dry » 12kg Bag
",£60.28,http:,"
 Estimated dispatch within 24 working hours.
",140547
"
Hills Prescription Diet I/D Dog Food »
Low Fat Wet » 12 x 360g Cans
",£23.14,http:,"
 Estimated dispatch within 24 working hours.
",140548
"
Hills Prescription Diet I/D Dog Food »
Recovery Pack Wet » 3 x 360g Cans
",£5.90,http:,"
 Estimated dispatch within 24 working hours.
",153711
"
Hills Prescription Diet I/D Dog Food »
Recovery Pack Wet » 12 x 360g Cans
",£23.65,http:,"
 Estimated dispatch within 24 working hours.
",110327
"
Hills Prescription Diet I/D Dog Food »
Sensitive Dry » 1.5kg Bag
",£9.99,http:,"
 Estimated dispatch within 2 working days.
",157253
"
Hills Prescription Diet I/D Dog Food »
Sensitive Dry » 5kg Bag
",£31.42,http:,"
 Estimated dispatch within 24 working hours.
",157258
"
Hills Prescription Diet I/D Dog Food »
Sensitive Dry » 12kg Bag
",£58.48,http:,"
 Estimated dispatch within 2 working days.
",157255
"
Hills Prescription Diet I/D Dog Food »
Wet » 12 x 360g Cans
",£23.07,http:,"
 Estimated dispatch within 24 working hours.
",110323
"
Hills Prescription Diet I/D Dog Food »
Dry » 2kg Bag
",£14.65,http:,"
 Estimated dispatch within 24 working hours.
",110324
"
Hills Prescription Diet I/D Dog Food »
Dry » 5kg Bag
",£30.61,http:,"
 Estimated dispatch within 24 working hours.
",110325
"
Hills Prescription Diet I/D Dog Food »
Dry » 12kg Bag
",£49.86,http:,"
 Estimated dispatch within 24 working hours.
",117688
"
Hills Prescription Diet I/D Dog Food »
Low Fat Dry » 1.5kg Bag
",£11.13,http:,"
 Estimated dispatch within 24 working hours.
",140544
"
Hills Prescription Diet I/D Dog Food »
Low Fat Dry » 6kg Bag
",£34.24,http:,"
 Estimated dispatch within 24 working hours.
",140546
"
Hills Prescription Diet I/D Dog Food »
Low Fat Dry » 12kg Bag
",£60.28,http:,"
 Estimated dispatch within 24 working hours.
",140547
"
Hills Prescription Diet I/D Dog Food »
Low Fat Wet » 12 x 360g Cans
",£23.14,http:,"
 Estimated dispatch within 24 working hours.
",140548
"
Hills Prescription Diet I/D Dog Food »
Recovery Pack Wet » 3 x 360g Cans
",£5.90,http:,"
 Estimated dispatch within 24 working hours.
",153711
"
Hills Prescription Diet I/D Dog Food »
Recovery Pack Wet » 12 x 360g Cans
",£23.65,http:,"
 Estimated dispatch within 24 working hours.
",110327
"
Hills Prescription Diet I/D Dog Food »
Sensitive Dry » 1.5kg Bag
",£9.99,http:,"
 Estimated dispatch within 2 working days.
",157253
"
Hills Prescription Diet I/D Dog Food »
Sensitive Dry » 5kg Bag
",£31.42,http:,"
 Estimated dispatch within 24 working hours.
",157258
"
Hills Prescription Diet I/D Dog Food »
Sensitive Dry » 12kg Bag
",£58.48,http:,"
 Estimated dispatch within 2 working days.
",157255
"
Hills Prescription Diet I/D Dog Food »
Wet » 12 x 360g Cans
",£23.07,http:,"
 Estimated dispatch within 24 working hours.
",110323
"
Hills Prescription Diet J/D Dog Food »
Dry » 2kg Bag
",£16.16,http:,"
 Estimated dispatch within 24 working hours.
",110330
"
Hills Prescription Diet J/D Dog Food »
Dry » 5kg Bag
",£33.07,http:,"
 Estimated dispatch within 2 working days.
",110329
"
Hills Prescription Diet J/D Dog Food »
Dry » 12kg Bag
",£54.66,http:,"
 Estimated dispatch within 24 working hours.
",117677
"
Hills Prescription Diet J/D Dog Food »
Mini Dry » 2kg Bag
",£15.10,http:,"
 Estimated dispatch within 2 working days.
",117195
"
Hills Prescription Diet J/D Dog Food »
Mini Dry » 5kg Bag
",£32.45,http:,"
 Estimated dispatch within 24 working hours.
",117196
"
Hills Prescription Diet J/D Dog Food »
Reduced Calorie Dry » 4kg Bag
",£26.38,http:,"
 Estimated dispatch within 24 working hours.
",110334
"
Hills Prescription Diet J/D Dog Food »
Reduced Calorie Dry » 12kg Bag
",£54.96,http:,"
 Estimated dispatch within 24 working hours.
",110332
"
Hills Prescription Diet J/D Dog Food »
Wet » 12 x 370g Cans
",£24.53,http:,"
 Estimated dispatch within 24 working hours.
",110328
"
Hills Prescription Diet K/D Dog Food »
Dry » 2kg Bag
",£14.87,http:,"
 Estimated dispatch within 24 working hours.
",110248
"
Hills Prescription Diet K/D Dog Food »
Dry » 5kg Bag
",£32.17,http:,"
 Estimated dispatch within 2 working days.
",110249
"
Hills Prescription Diet K/D Dog Food »
Dry » 12kg Bag
",£54.90,http:,"
 Estimated dispatch within 24 working hours.
",117729
"
Hills Prescription Diet K/D Dog Food »
Wet » 12 x 370g Cans
",£23.51,http:,"
 Estimated dispatch within 24 working hours.
",110333
"
Hills Prescription Diet L/D Dog Food »
Dry » 2kg Bag
",£15.06,http:,"
 Estimated dispatch within 24 working hours.
",110338
"
Hills Prescription Diet L/D Dog Food »
Dry » 5kg Bag
",£33.29,http:,"
 Estimated dispatch within 24 working hours.
",110339
"
Hills Prescription Diet L/D Dog Food »
Dry » 12kg Bag
",£58.17,http:,"
 Estimated dispatch within 24 working hours.
",125889
"
Hills Prescription Diet L/D Dog Food »
Wet » 12 x 370g Cans
",£25.81,http:,"
 Estimated dispatch within 24 working hours.
",110336
"
Hills Prescription Metabolic Advanced Weight Dog Food »
Dry » 1.5kg Bag
",£11.14,http:,"
 Estimated dispatch within 24 working hours.
",142743
"
Hills Prescription Metabolic Advanced Weight Dog Food »
Dry » 4kg Bag
",£25.32,http:,"
 Estimated dispatch within 24 working hours.
",142741
"
Hills Prescription Metabolic Advanced Weight Dog Food »
Dry » 12kg Bag
",£53.94,http:,"
 Estimated dispatch within 24 working hours.
",142740
"
Hills Prescription Metabolic Advanced Weight Dog Food »
Mini Dry » 1.5kg Bag
",£10.53,http:,"
 Estimated dispatch within 24 working hours.
",151003
"
Hills Prescription Metabolic Advanced Weight Dog Food »
Mini Dry » 6kg Bag
",£36.85,http:,"
 Estimated dispatch within 24 working hours.
",151004
"
Hills Prescription Metabolic Advanced Weight Dog Food »
Wet » 12 x 370g Cans
",£25.87,http:,"
 Estimated dispatch within 24 working hours.
",142742
"
Hills Prescription Metabolic Advanced Weight Solution Dog Treats »
Dry » 220g Bag
",£3.99,http:,"
 Estimated dispatch within 24 working hours.
",151006
"
Hills Prescription Diet N/D Dog Food »
Wet » 12 x 360g Cans
",£26.77,http://static2.viovet.co.uk/pi/created_1350058434.png,"
 Estimated dispatch within 24 working hours.
",110340
"
Hills Prescription Diet R/D Dog Food »
Dry » 1.5kg Bag
",£11.19,http:,"
 Estimated dispatch within 24 working hours.
",110346
"
Hills Prescription Diet R/D Dog Food »
Dry » 4kg Bag
",£22.77,http:,"
 Estimated dispatch within 24 working hours.
",110347
"
Hills Prescription Diet R/D Dog Food »
Dry » 12kg Bag
",£47.88,http:,"
 Estimated dispatch within 24 working hours.
",110348
"
Hills Prescription Diet R/D Dog Food »
Mini Dry » 1.5kg Bag
",£10.41,http:,"
 Estimated dispatch within 24 working hours.
",117197
"
Hills Prescription Diet R/D Dog Food »
Mini Dry » 6kg Bag
",£34.63,http:,"
 Estimated dispatch within 24 working hours.
",117198
"
Hills Prescription Diet R/D Dog Food »
Wet » 12 x 350g Cans
",£23.62,http:,"
 Estimated dispatch within 24 working hours.
",110345
"
Hills Prescription Diet S/D Dog Food »
Wet » 12 x 370g Cans
",£25.07,http://static1.viovet.co.uk/pi/created_1350058633.png,"
 Estimated dispatch within 24 working hours.
",110349
"
Hills Prescription Diet T/D Dog Food »
Dry » 3kg Bag
",£21.97,http://static2.viovet.co.uk/pi/created_1350058690.png,"
 Estimated dispatch within 24 working hours.
",110351
"
Hills Prescription Diet T/D Dog Food »
Dry » 10kg Bag
",£55.45,http://static2.viovet.co.uk/pi/created_1350058690.png,"
 Estimated dispatch within 24 working hours.
",110350
"
Hills Prescription Diet T/D Dog Food »
Mini Dry » 3kg Bag
",£21.32,http://static2.viovet.co.uk/pi/created_1350058690.png,"
 Estimated dispatch within 24 working hours.
",110353
"
Hills Prescription Diet U/D Dog Food »
Dry » 5kg Bag
",£34.73,http:,"
 Estimated dispatch within 24 working hours.
",110354
"
Hills Prescription Diet U/D Dog Food »
Dry » 12kg Bag
",£59.66,http:,"
 Estimated dispatch within 24 working hours.
",124969
"
Hills Prescription Diet U/D Dog Food »
Wet » 12 x 370g Cans
",£25.24,http:,"
 Estimated dispatch within 24 working hours.
",110355
"
Hills Prescription Diet W/D Dog Food »
Dry » 1.5kg Bag
",£10.24,http:,"
 Estimated dispatch within 24 working hours.
",110360
"
Hills Prescription Diet W/D Dog Food »
Dry » 4kg Bag
",£22.57,http:,"
 Estimated dispatch within 24 working hours.
",110359
"
Hills Prescription Diet W/D Dog Food »
Dry » 12kg Bag
",£47.94,http:,"
 Estimated dispatch within 24 working hours.
",110361
"
Hills Prescription Diet W/D Dog Food »
Mini Dry » 1.5kg Bag
",£10.03,http:,"
 Estimated dispatch within 24 working hours.
",117199
"
Hills Prescription Diet W/D Dog Food »
Mini Dry » 6kg Bag
",£32.76,http:,"
 Estimated dispatch within 24 working hours.
",117200
"
Hills Prescription Diet W/D Dog Food »
Wet » 12 x 370g Cans
",£22.71,http:,"
 Estimated dispatch within 24 working hours.
",110357
"
Hills Prescription Diet Z/D Dog Food »
Low Allergen Dry » 2kg Bag
",£15.34,http:,"
 Estimated dispatch within 24 working hours.
",110362
"
Hills Prescription Diet Z/D Dog Food »
Low Allergen Dry » 7.5kg Bag
",£44.45,http:,"
 Estimated dispatch within 24 working hours.
",110363
"
Hills Prescription Diet Z/D Dog Food »
Ultra Allergen Free Dry » 3kg Bag
",£22.97,http:,"
 Estimated dispatch within 24 working hours.
",110364
"
Hills Prescription Diet Z/D Dog Food »
Ultra Allergen Free Dry » 10kg Bag
",£51.86,http:,"
 Estimated dispatch within 24 working hours.
",110365
"
Hills Prescription Diet Z/D Dog Food »
Ultra Allergen Free Wet » 12 x 370g Cans
",£23.46,http:,"
 Estimated dispatch within 24 working hours.
",110367
